"sy","sys_id_ga","sys_nm","metro_resa","enr_k12"
2015,601,"Appling County",FALSE,3456
2016,601,"Appling County",FALSE,3382
2017,601,"Appling County",FALSE,3379
2018,601,"Appling County",FALSE,3410
2019,601,"Appling County",FALSE,3362
2020,601,"Appling County",FALSE,3343
2021,601,"Appling County",FALSE,3268
2022,601,"Appling County",FALSE,3269
2023,601,"Appling County",FALSE,3249
2024,601,"Appling County",FALSE,3237
2015,602,"Atkinson County",FALSE,1589
2016,602,"Atkinson County",FALSE,1619
2017,602,"Atkinson County",FALSE,1637
2018,602,"Atkinson County",FALSE,1602
2019,602,"Atkinson County",FALSE,1583
2020,602,"Atkinson County",FALSE,1592
2021,602,"Atkinson County",FALSE,1557
2022,602,"Atkinson County",FALSE,1521
2023,602,"Atkinson County",FALSE,1543
2024,602,"Atkinson County",FALSE,1491
2015,761,"Atlanta Public Schools",TRUE,50032
2016,761,"Atlanta Public Schools",TRUE,50399
2017,761,"Atlanta Public Schools",TRUE,50669
2018,761,"Atlanta Public Schools",TRUE,50847
2019,761,"Atlanta Public Schools",TRUE,51001
2020,761,"Atlanta Public Schools",TRUE,50999
2021,761,"Atlanta Public Schools",TRUE,49858
2022,761,"Atlanta Public Schools",TRUE,48753
2023,761,"Atlanta Public Schools",TRUE,49011
2024,761,"Atlanta Public Schools",TRUE,48325
2015,603,"Bacon County",FALSE,2026
2016,603,"Bacon County",FALSE,2046
2017,603,"Bacon County",FALSE,2016
2018,603,"Bacon County",FALSE,2040
2019,603,"Bacon County",FALSE,2048
2020,603,"Bacon County",FALSE,2013
2021,603,"Bacon County",FALSE,1980
2022,603,"Bacon County",FALSE,2020
2023,603,"Bacon County",FALSE,2035
2024,603,"Bacon County",FALSE,2009
2015,604,"Baker County",FALSE,314
2016,604,"Baker County",FALSE,308
2017,604,"Baker County",FALSE,281
2018,604,"Baker County",FALSE,267
2019,604,"Baker County",FALSE,271
2020,604,"Baker County",FALSE,246
2021,604,"Baker County",FALSE,276
2022,604,"Baker County",FALSE,284
2023,604,"Baker County",FALSE,287
2024,604,"Baker County",FALSE,283
2015,605,"Baldwin County",FALSE,5481
2016,605,"Baldwin County",FALSE,5340
2017,605,"Baldwin County",FALSE,5223
2018,605,"Baldwin County",FALSE,4934
2019,605,"Baldwin County",FALSE,4855
2020,605,"Baldwin County",FALSE,4746
2021,605,"Baldwin County",FALSE,4719
2022,605,"Baldwin County",FALSE,4604
2023,605,"Baldwin County",FALSE,4416
2024,605,"Baldwin County",FALSE,4312
2015,606,"Banks County",FALSE,2816
2016,606,"Banks County",FALSE,2802
2017,606,"Banks County",FALSE,2765
2018,606,"Banks County",FALSE,2776
2019,606,"Banks County",FALSE,2738
2020,606,"Banks County",FALSE,2733
2021,606,"Banks County",FALSE,2727
2022,606,"Banks County",FALSE,2793
2023,606,"Banks County",FALSE,2827
2024,606,"Banks County",FALSE,2860
2015,607,"Barrow County",FALSE,12995
2016,607,"Barrow County",FALSE,13000
2017,607,"Barrow County",FALSE,13120
2018,607,"Barrow County",FALSE,13351
2019,607,"Barrow County",FALSE,13568
2020,607,"Barrow County",FALSE,13777
2021,607,"Barrow County",FALSE,13588
2022,607,"Barrow County",FALSE,13865
2023,607,"Barrow County",FALSE,14367
2024,607,"Barrow County",FALSE,14729
2015,608,"Bartow County",FALSE,13582
2016,608,"Bartow County",FALSE,13332
2017,608,"Bartow County",FALSE,13328
2018,608,"Bartow County",FALSE,13087
2019,608,"Bartow County",FALSE,12973
2020,608,"Bartow County",FALSE,12919
2021,608,"Bartow County",FALSE,12849
2022,608,"Bartow County",FALSE,13079
2023,608,"Bartow County",FALSE,13254
2024,608,"Bartow County",FALSE,13594
2015,609,"Ben Hill County",FALSE,3097
2016,609,"Ben Hill County",FALSE,3085
2017,609,"Ben Hill County",FALSE,3063
2018,609,"Ben Hill County",FALSE,3006
2019,609,"Ben Hill County",FALSE,2946
2020,609,"Ben Hill County",FALSE,2879
2021,609,"Ben Hill County",FALSE,2833
2022,609,"Ben Hill County",FALSE,2852
2023,609,"Ben Hill County",FALSE,2803
2024,609,"Ben Hill County",FALSE,2756
2015,610,"Berrien County",FALSE,3054
2016,610,"Berrien County",FALSE,2987
2017,610,"Berrien County",FALSE,3022
2018,610,"Berrien County",FALSE,3020
2019,610,"Berrien County",FALSE,3010
2020,610,"Berrien County",FALSE,3015
2021,610,"Berrien County",FALSE,2886
2022,610,"Berrien County",FALSE,2880
2023,610,"Berrien County",FALSE,2935
2024,610,"Berrien County",FALSE,2967
2015,611,"Bibb County",FALSE,23490
2016,611,"Bibb County",FALSE,23631
2017,611,"Bibb County",FALSE,23163
2018,611,"Bibb County",FALSE,23237
2019,611,"Bibb County",FALSE,22966
2020,611,"Bibb County",FALSE,20898
2021,611,"Bibb County",FALSE,20548
2022,611,"Bibb County",FALSE,20287
2023,611,"Bibb County",FALSE,20489
2024,611,"Bibb County",FALSE,20462
2015,612,"Bleckley County",FALSE,2312
2016,612,"Bleckley County",FALSE,2357
2017,612,"Bleckley County",FALSE,2355
2018,612,"Bleckley County",FALSE,2389
2019,612,"Bleckley County",FALSE,2406
2020,612,"Bleckley County",FALSE,2385
2021,612,"Bleckley County",FALSE,2384
2022,612,"Bleckley County",FALSE,2443
2023,612,"Bleckley County",FALSE,2444
2024,612,"Bleckley County",FALSE,2459
2015,613,"Brantley County",FALSE,3315
2016,613,"Brantley County",FALSE,3275
2017,613,"Brantley County",FALSE,3301
2018,613,"Brantley County",FALSE,3232
2019,613,"Brantley County",FALSE,3258
2020,613,"Brantley County",FALSE,3247
2021,613,"Brantley County",FALSE,3201
2022,613,"Brantley County",FALSE,3184
2023,613,"Brantley County",FALSE,3191
2024,613,"Brantley County",FALSE,3220
2015,763,"Bremen City",FALSE,2050
2016,763,"Bremen City",FALSE,2147
2017,763,"Bremen City",FALSE,2202
2018,763,"Bremen City",FALSE,2215
2019,763,"Bremen City",FALSE,2224
2020,763,"Bremen City",FALSE,2236
2021,763,"Bremen City",FALSE,2213
2022,763,"Bremen City",FALSE,2277
2023,763,"Bremen City",FALSE,2280
2024,763,"Bremen City",FALSE,2284
2015,614,"Brooks County",FALSE,2073
2016,614,"Brooks County",FALSE,2028
2017,614,"Brooks County",FALSE,2013
2018,614,"Brooks County",FALSE,2030
2019,614,"Brooks County",FALSE,2056
2020,614,"Brooks County",FALSE,2075
2021,614,"Brooks County",FALSE,2092
2022,614,"Brooks County",FALSE,2012
2023,614,"Brooks County",FALSE,2039
2024,614,"Brooks County",FALSE,2090
2015,615,"Bryan County",FALSE,8263
2016,615,"Bryan County",FALSE,8521
2017,615,"Bryan County",FALSE,8651
2018,615,"Bryan County",FALSE,8882
2019,615,"Bryan County",FALSE,9323
2020,615,"Bryan County",FALSE,9450
2021,615,"Bryan County",FALSE,9415
2022,615,"Bryan County",FALSE,9764
2023,615,"Bryan County",FALSE,9859
2024,615,"Bryan County",FALSE,10128
2015,764,"Buford City",TRUE,4151
2016,764,"Buford City",TRUE,4309
2017,764,"Buford City",TRUE,4582
2018,764,"Buford City",TRUE,4789
2019,764,"Buford City",TRUE,4945
2020,764,"Buford City",TRUE,5155
2021,764,"Buford City",TRUE,5447
2022,764,"Buford City",TRUE,5742
2023,764,"Buford City",TRUE,5835
2024,764,"Buford City",TRUE,5920
2015,616,"Bulloch County",FALSE,9756
2016,616,"Bulloch County",FALSE,9862
2017,616,"Bulloch County",FALSE,10047
2018,616,"Bulloch County",FALSE,10115
2019,616,"Bulloch County",FALSE,10142
2020,616,"Bulloch County",FALSE,10386
2021,616,"Bulloch County",FALSE,10394
2022,616,"Bulloch County",FALSE,10517
2023,616,"Bulloch County",FALSE,10535
2024,616,"Bulloch County",FALSE,10542
2015,617,"Burke County",FALSE,4128
2016,617,"Burke County",FALSE,4037
2017,617,"Burke County",FALSE,4008
2018,617,"Burke County",FALSE,3932
2019,617,"Burke County",FALSE,3892
2020,617,"Burke County",FALSE,3991
2021,617,"Burke County",FALSE,3954
2022,617,"Burke County",FALSE,3842
2023,617,"Burke County",FALSE,3742
2024,617,"Burke County",FALSE,3674
2015,618,"Butts County",FALSE,3411
2016,618,"Butts County",FALSE,3333
2017,618,"Butts County",FALSE,3298
2018,618,"Butts County",FALSE,3320
2019,618,"Butts County",FALSE,3320
2020,618,"Butts County",FALSE,3353
2021,618,"Butts County",FALSE,3281
2022,618,"Butts County",FALSE,3367
2023,618,"Butts County",FALSE,3400
2024,618,"Butts County",FALSE,3361
2015,765,"Calhoun City",FALSE,3794
2016,765,"Calhoun City",FALSE,3929
2017,765,"Calhoun City",FALSE,3921
2018,765,"Calhoun City",FALSE,3858
2019,765,"Calhoun City",FALSE,3892
2020,765,"Calhoun City",FALSE,4002
2021,765,"Calhoun City",FALSE,3965
2022,765,"Calhoun City",FALSE,3949
2023,765,"Calhoun City",FALSE,3914
2024,765,"Calhoun City",FALSE,4059
2015,619,"Calhoun County",FALSE,665
2016,619,"Calhoun County",FALSE,631
2017,619,"Calhoun County",FALSE,614
2018,619,"Calhoun County",FALSE,579
2019,619,"Calhoun County",FALSE,530
2020,619,"Calhoun County",FALSE,507
2021,619,"Calhoun County",FALSE,469
2022,619,"Calhoun County",FALSE,449
2023,619,"Calhoun County",FALSE,451
2024,619,"Calhoun County",FALSE,413
2015,620,"Camden County",FALSE,8761
2016,620,"Camden County",FALSE,8771
2017,620,"Camden County",FALSE,8930
2018,620,"Camden County",FALSE,8986
2019,620,"Camden County",FALSE,9092
2020,620,"Camden County",FALSE,9011
2021,620,"Camden County",FALSE,8873
2022,620,"Camden County",FALSE,9032
2023,620,"Camden County",FALSE,9238
2024,620,"Camden County",FALSE,9396
2015,621,"Candler County",FALSE,2047
2016,621,"Candler County",FALSE,2036
2017,621,"Candler County",FALSE,2054
2018,621,"Candler County",FALSE,2051
2019,621,"Candler County",FALSE,2103
2020,621,"Candler County",FALSE,2092
2021,621,"Candler County",FALSE,2102
2022,621,"Candler County",FALSE,2060
2023,621,"Candler County",FALSE,2074
2024,621,"Candler County",FALSE,2024
2015,622,"Carroll County",FALSE,14172
2016,622,"Carroll County",FALSE,14292
2017,622,"Carroll County",FALSE,14328
2018,622,"Carroll County",FALSE,14282
2019,622,"Carroll County",FALSE,14490
2020,622,"Carroll County",FALSE,14422
2021,622,"Carroll County",FALSE,14416
2022,622,"Carroll County",FALSE,14748
2023,622,"Carroll County",FALSE,15366
2024,622,"Carroll County",FALSE,15666
2015,766,"Carrollton City",FALSE,4809
2016,766,"Carrollton City",FALSE,4810
2017,766,"Carrollton City",FALSE,4914
2018,766,"Carrollton City",FALSE,4978
2019,766,"Carrollton City",FALSE,5105
2020,766,"Carrollton City",FALSE,5272
2021,766,"Carrollton City",FALSE,5222
2022,766,"Carrollton City",FALSE,5323
2023,766,"Carrollton City",FALSE,5440
2024,766,"Carrollton City",FALSE,5560
2015,767,"Cartersville City",FALSE,4061
2016,767,"Cartersville City",FALSE,4126
2017,767,"Cartersville City",FALSE,4255
2018,767,"Cartersville City",FALSE,4360
2019,767,"Cartersville City",FALSE,4381
2020,767,"Cartersville City",FALSE,4519
2021,767,"Cartersville City",FALSE,4426
2022,767,"Cartersville City",FALSE,4334
2023,767,"Cartersville City",FALSE,4352
2024,767,"Cartersville City",FALSE,4401
2015,623,"Catoosa County",FALSE,10590
2016,623,"Catoosa County",FALSE,10551
2017,623,"Catoosa County",FALSE,10397
2018,623,"Catoosa County",FALSE,10510
2019,623,"Catoosa County",FALSE,10432
2020,623,"Catoosa County",FALSE,10448
2021,623,"Catoosa County",FALSE,10246
2022,623,"Catoosa County",FALSE,10294
2023,623,"Catoosa County",FALSE,10111
2024,623,"Catoosa County",FALSE,9860
2015,624,"Charlton County",FALSE,1571
2016,624,"Charlton County",FALSE,1610
2017,624,"Charlton County",FALSE,1594
2018,624,"Charlton County",FALSE,1632
2019,624,"Charlton County",FALSE,1628
2020,624,"Charlton County",FALSE,1592
2021,624,"Charlton County",FALSE,1584
2022,624,"Charlton County",FALSE,1588
2023,624,"Charlton County",FALSE,1593
2024,624,"Charlton County",FALSE,1591
2015,626,"Chattahoochee County",FALSE,866
2016,626,"Chattahoochee County",FALSE,845
2017,626,"Chattahoochee County",FALSE,822
2018,626,"Chattahoochee County",FALSE,822
2019,626,"Chattahoochee County",FALSE,876
2020,626,"Chattahoochee County",FALSE,900
2021,626,"Chattahoochee County",FALSE,868
2022,626,"Chattahoochee County",FALSE,934
2023,626,"Chattahoochee County",FALSE,947
2024,626,"Chattahoochee County",FALSE,923
2015,627,"Chattooga County",FALSE,2736
2016,627,"Chattooga County",FALSE,2687
2017,627,"Chattooga County",FALSE,2739
2018,627,"Chattooga County",FALSE,2703
2019,627,"Chattooga County",FALSE,2601
2020,627,"Chattooga County",FALSE,2586
2021,627,"Chattooga County",FALSE,2505
2022,627,"Chattooga County",FALSE,2426
2023,627,"Chattooga County",FALSE,2464
2024,627,"Chattooga County",FALSE,2580
2015,628,"Cherokee County",FALSE,40140
2016,628,"Cherokee County",FALSE,40718
2017,628,"Cherokee County",FALSE,41366
2018,628,"Cherokee County",FALSE,41736
2019,628,"Cherokee County",FALSE,41831
2020,628,"Cherokee County",FALSE,42110
2021,628,"Cherokee County",FALSE,40807
2022,628,"Cherokee County",FALSE,41472
2023,628,"Cherokee County",FALSE,41428
2024,628,"Cherokee County",FALSE,41258
2015,769,"Chickamauga City",FALSE,1368
2016,769,"Chickamauga City",FALSE,1348
2017,769,"Chickamauga City",FALSE,1298
2018,769,"Chickamauga City",FALSE,1305
2019,769,"Chickamauga City",FALSE,1314
2020,769,"Chickamauga City",FALSE,1283
2021,769,"Chickamauga City",FALSE,1261
2022,769,"Chickamauga City",FALSE,1265
2023,769,"Chickamauga City",FALSE,1275
2024,769,"Chickamauga City",FALSE,1234
2015,773,"City Schools of Decatur",TRUE,4345
2016,773,"City Schools of Decatur",TRUE,4661
2017,773,"City Schools of Decatur",TRUE,5040
2018,773,"City Schools of Decatur",TRUE,5317
2019,773,"City Schools of Decatur",TRUE,5540
2020,773,"City Schools of Decatur",TRUE,5695
2021,773,"City Schools of Decatur",TRUE,5620
2022,773,"City Schools of Decatur",TRUE,5477
2023,773,"City Schools of Decatur",TRUE,5484
2024,773,"City Schools of Decatur",TRUE,5356
2015,629,"Clarke County",FALSE,12282
2016,629,"Clarke County",FALSE,12347
2017,629,"Clarke County",FALSE,12532
2018,629,"Clarke County",FALSE,12679
2019,629,"Clarke County",FALSE,12595
2020,629,"Clarke County",FALSE,12371
2021,629,"Clarke County",FALSE,11831
2022,629,"Clarke County",FALSE,11799
2023,629,"Clarke County",FALSE,11516
2024,629,"Clarke County",FALSE,11528
2015,630,"Clay County",FALSE,282
2016,630,"Clay County",FALSE,247
2017,630,"Clay County",FALSE,205
2018,630,"Clay County",FALSE,211
2019,630,"Clay County",FALSE,184
2020,630,"Clay County",FALSE,195
2021,630,"Clay County",FALSE,182
2022,630,"Clay County",FALSE,181
2023,630,"Clay County",FALSE,180
2024,630,"Clay County",FALSE,187
2015,631,"Clayton County",TRUE,52496
2016,631,"Clayton County",TRUE,53262
2017,631,"Clayton County",TRUE,53488
2018,631,"Clayton County",TRUE,53671
2019,631,"Clayton County",TRUE,53854
2020,631,"Clayton County",TRUE,53438
2021,631,"Clayton County",TRUE,51407
2022,631,"Clayton County",TRUE,51399
2023,631,"Clayton County",TRUE,50845
2024,631,"Clayton County",TRUE,49455
2015,632,"Clinch County",FALSE,1318
2016,632,"Clinch County",FALSE,1305
2017,632,"Clinch County",FALSE,1308
2018,632,"Clinch County",FALSE,1311
2019,632,"Clinch County",FALSE,1264
2020,632,"Clinch County",FALSE,1248
2021,632,"Clinch County",FALSE,1224
2022,632,"Clinch County",FALSE,1192
2023,632,"Clinch County",FALSE,1174
2024,632,"Clinch County",FALSE,1152
2015,633,"Cobb County",TRUE,110945
2016,633,"Cobb County",TRUE,111918
2017,633,"Cobb County",TRUE,112383
2018,633,"Cobb County",TRUE,111186
2019,633,"Cobb County",TRUE,110878
2020,633,"Cobb County",TRUE,111122
2021,633,"Cobb County",TRUE,106621
2022,633,"Cobb County",TRUE,106203
2023,633,"Cobb County",TRUE,105886
2024,633,"Cobb County",TRUE,105437
2015,634,"Coffee County",FALSE,7354
2016,634,"Coffee County",FALSE,7341
2017,634,"Coffee County",FALSE,7282
2018,634,"Coffee County",FALSE,7265
2019,634,"Coffee County",FALSE,7259
2020,634,"Coffee County",FALSE,7317
2021,634,"Coffee County",FALSE,7170
2022,634,"Coffee County",FALSE,7145
2023,634,"Coffee County",FALSE,7111
2024,634,"Coffee County",FALSE,7212
2015,635,"Colquitt County",FALSE,9073
2016,635,"Colquitt County",FALSE,9005
2017,635,"Colquitt County",FALSE,9106
2018,635,"Colquitt County",FALSE,9078
2019,635,"Colquitt County",FALSE,9013
2020,635,"Colquitt County",FALSE,8884
2021,635,"Colquitt County",FALSE,8616
2022,635,"Colquitt County",FALSE,8456
2023,635,"Colquitt County",FALSE,8291
2024,635,"Colquitt County",FALSE,8336
2015,636,"Columbia County",FALSE,25170
2016,636,"Columbia County",FALSE,25715
2017,636,"Columbia County",FALSE,26462
2018,636,"Columbia County",FALSE,26662
2019,636,"Columbia County",FALSE,27218
2020,636,"Columbia County",FALSE,27759
2021,636,"Columbia County",FALSE,27794
2022,636,"Columbia County",FALSE,28221
2023,636,"Columbia County",FALSE,28593
2024,636,"Columbia County",FALSE,28486
2015,771,"Commerce City",FALSE,1449
2016,771,"Commerce City",FALSE,1498
2017,771,"Commerce City",FALSE,1522
2018,771,"Commerce City",FALSE,1575
2019,771,"Commerce City",FALSE,1634
2020,771,"Commerce City",FALSE,1629
2021,771,"Commerce City",FALSE,1653
2022,771,"Commerce City",FALSE,1690
2023,771,"Commerce City",FALSE,1720
2024,771,"Commerce City",FALSE,1805
2015,637,"Cook County",FALSE,3123
2016,637,"Cook County",FALSE,3086
2017,637,"Cook County",FALSE,3079
2018,637,"Cook County",FALSE,3041
2019,637,"Cook County",FALSE,2960
2020,637,"Cook County",FALSE,2969
2021,637,"Cook County",FALSE,2970
2022,637,"Cook County",FALSE,2921
2023,637,"Cook County",FALSE,2926
2024,637,"Cook County",FALSE,2883
2015,638,"Coweta County",FALSE,21713
2016,638,"Coweta County",FALSE,21804
2017,638,"Coweta County",FALSE,21899
2018,638,"Coweta County",FALSE,22178
2019,638,"Coweta County",FALSE,22160
2020,638,"Coweta County",FALSE,22212
2021,638,"Coweta County",FALSE,21693
2022,638,"Coweta County",FALSE,22044
2023,638,"Coweta County",FALSE,22465
2024,638,"Coweta County",FALSE,22302
2015,639,"Crawford County",FALSE,1680
2016,639,"Crawford County",FALSE,1649
2017,639,"Crawford County",FALSE,1600
2018,639,"Crawford County",FALSE,1621
2019,639,"Crawford County",FALSE,1645
2020,639,"Crawford County",FALSE,1621
2021,639,"Crawford County",FALSE,1575
2022,639,"Crawford County",FALSE,1551
2023,639,"Crawford County",FALSE,1495
2024,639,"Crawford County",FALSE,1494
2015,640,"Crisp County",FALSE,3982
2016,640,"Crisp County",FALSE,3908
2017,640,"Crisp County",FALSE,3894
2018,640,"Crisp County",FALSE,3822
2019,640,"Crisp County",FALSE,3717
2020,640,"Crisp County",FALSE,3656
2021,640,"Crisp County",FALSE,3531
2022,640,"Crisp County",FALSE,3470
2023,640,"Crisp County",FALSE,3365
2024,640,"Crisp County",FALSE,3220
2015,641,"Dade County",FALSE,2070
2016,641,"Dade County",FALSE,2018
2017,641,"Dade County",FALSE,2043
2018,641,"Dade County",FALSE,2005
2019,641,"Dade County",FALSE,2045
2020,641,"Dade County",FALSE,2059
2021,641,"Dade County",FALSE,1988
2022,641,"Dade County",FALSE,1921
2023,641,"Dade County",FALSE,1949
2024,641,"Dade County",FALSE,1921
2015,772,"Dalton Public Schools",FALSE,7486
2016,772,"Dalton Public Schools",FALSE,7593
2017,772,"Dalton Public Schools",FALSE,7777
2018,772,"Dalton Public Schools",FALSE,7527
2019,772,"Dalton Public Schools",FALSE,7549
2020,772,"Dalton Public Schools",FALSE,7490
2021,772,"Dalton Public Schools",FALSE,7394
2022,772,"Dalton Public Schools",FALSE,7342
2023,772,"Dalton Public Schools",FALSE,7290
2024,772,"Dalton Public Schools",FALSE,7292
2015,642,"Dawson County",FALSE,3406
2016,642,"Dawson County",FALSE,3388
2017,642,"Dawson County",FALSE,3360
2018,642,"Dawson County",FALSE,3414
2019,642,"Dawson County",FALSE,3475
2020,642,"Dawson County",FALSE,3535
2021,642,"Dawson County",FALSE,3576
2022,642,"Dawson County",FALSE,3690
2023,642,"Dawson County",FALSE,3763
2024,642,"Dawson County",FALSE,3931
2015,644,"DeKalb County",TRUE,98255
2016,644,"DeKalb County",TRUE,98563
2017,644,"DeKalb County",TRUE,98511
2018,644,"DeKalb County",TRUE,97363
2019,644,"DeKalb County",TRUE,96133
2020,644,"DeKalb County",TRUE,95749
2021,644,"DeKalb County",TRUE,90930
2022,644,"DeKalb County",TRUE,90773
2023,644,"DeKalb County",TRUE,89381
2024,644,"DeKalb County",TRUE,88303
2015,643,"Decatur County",FALSE,5004
2016,643,"Decatur County",FALSE,5004
2017,643,"Decatur County",FALSE,4948
2018,643,"Decatur County",FALSE,4899
2019,643,"Decatur County",FALSE,4785
2020,643,"Decatur County",FALSE,4457
2021,643,"Decatur County",FALSE,4254
2022,643,"Decatur County",FALSE,4172
2023,643,"Decatur County",FALSE,4067
2024,643,"Decatur County",FALSE,4017
2022,890,"Department of Corrections",FALSE,63
2017,891,"Department of Juvenile Justice",FALSE,480
2018,891,"Department of Juvenile Justice",FALSE,504
2019,891,"Department of Juvenile Justice",FALSE,481
2020,891,"Department of Juvenile Justice",FALSE,504
2021,891,"Department of Juvenile Justice",FALSE,355
2022,891,"Department of Juvenile Justice",FALSE,395
2023,891,"Department of Juvenile Justice",FALSE,372
2024,891,"Department of Juvenile Justice",FALSE,422
2015,645,"Dodge County",FALSE,3127
2016,645,"Dodge County",FALSE,3079
2017,645,"Dodge County",FALSE,3057
2018,645,"Dodge County",FALSE,3034
2019,645,"Dodge County",FALSE,2971
2020,645,"Dodge County",FALSE,2953
2021,645,"Dodge County",FALSE,2870
2022,645,"Dodge County",FALSE,2757
2023,645,"Dodge County",FALSE,2689
2024,645,"Dodge County",FALSE,2599
2015,646,"Dooly County",FALSE,1307
2016,646,"Dooly County",FALSE,1314
2017,646,"Dooly County",FALSE,1236
2018,646,"Dooly County",FALSE,1190
2019,646,"Dooly County",FALSE,1157
2020,646,"Dooly County",FALSE,1141
2021,646,"Dooly County",FALSE,1124
2022,646,"Dooly County",FALSE,1060
2023,646,"Dooly County",FALSE,1053
2024,646,"Dooly County",FALSE,1047
2015,647,"Dougherty County",FALSE,14976
2016,647,"Dougherty County",FALSE,14860
2017,647,"Dougherty County",FALSE,14618
2018,647,"Dougherty County",FALSE,14219
2019,647,"Dougherty County",FALSE,13781
2020,647,"Dougherty County",FALSE,13508
2021,647,"Dougherty County",FALSE,12990
2022,647,"Dougherty County",FALSE,12694
2023,647,"Dougherty County",FALSE,12682
2024,647,"Dougherty County",FALSE,12564
2015,648,"Douglas County",TRUE,25740
2016,648,"Douglas County",TRUE,25845
2017,648,"Douglas County",TRUE,26126
2018,648,"Douglas County",TRUE,26273
2019,648,"Douglas County",TRUE,26331
2020,648,"Douglas County",TRUE,26420
2021,648,"Douglas County",TRUE,25716
2022,648,"Douglas County",TRUE,25743
2023,648,"Douglas County",TRUE,25609
2024,648,"Douglas County",TRUE,25582
2015,774,"Dublin City",FALSE,2431
2016,774,"Dublin City",FALSE,2393
2017,774,"Dublin City",FALSE,2349
2018,774,"Dublin City",FALSE,2219
2019,774,"Dublin City",FALSE,2204
2020,774,"Dublin City",FALSE,2137
2021,774,"Dublin City",FALSE,2201
2022,774,"Dublin City",FALSE,2203
2023,774,"Dublin City",FALSE,2154
2024,774,"Dublin City",FALSE,2225
2015,649,"Early County",FALSE,2091
2016,649,"Early County",FALSE,2103
2017,649,"Early County",FALSE,2041
2018,649,"Early County",FALSE,1970
2019,649,"Early County",FALSE,1928
2020,649,"Early County",FALSE,1860
2021,649,"Early County",FALSE,1723
2022,649,"Early County",FALSE,1642
2023,649,"Early County",FALSE,1602
2024,649,"Early County",FALSE,1479
2015,650,"Echols County",FALSE,773
2016,650,"Echols County",FALSE,781
2017,650,"Echols County",FALSE,778
2018,650,"Echols County",FALSE,795
2019,650,"Echols County",FALSE,809
2020,650,"Echols County",FALSE,815
2021,650,"Echols County",FALSE,812
2022,650,"Echols County",FALSE,827
2023,650,"Echols County",FALSE,846
2024,650,"Echols County",FALSE,847
2015,651,"Effingham County",FALSE,11066
2016,651,"Effingham County",FALSE,11268
2017,651,"Effingham County",FALSE,11403
2018,651,"Effingham County",FALSE,11782
2019,651,"Effingham County",FALSE,12115
2020,651,"Effingham County",FALSE,12341
2021,651,"Effingham County",FALSE,12425
2022,651,"Effingham County",FALSE,12983
2023,651,"Effingham County",FALSE,13387
2024,651,"Effingham County",FALSE,13680
2015,652,"Elbert County",FALSE,2863
2016,652,"Elbert County",FALSE,2899
2017,652,"Elbert County",FALSE,2893
2018,652,"Elbert County",FALSE,2884
2019,652,"Elbert County",FALSE,2882
2020,652,"Elbert County",FALSE,2895
2021,652,"Elbert County",FALSE,2904
2022,652,"Elbert County",FALSE,2884
2023,652,"Elbert County",FALSE,2921
2024,652,"Elbert County",FALSE,2917
2015,653,"Emanuel County",FALSE,4047
2016,653,"Emanuel County",FALSE,4044
2017,653,"Emanuel County",FALSE,4129
2018,653,"Emanuel County",FALSE,4082
2019,653,"Emanuel County",FALSE,4021
2020,653,"Emanuel County",FALSE,3928
2021,653,"Emanuel County",FALSE,3869
2022,653,"Emanuel County",FALSE,3755
2023,653,"Emanuel County",FALSE,3829
2024,653,"Emanuel County",FALSE,3755
2015,654,"Evans County",FALSE,1775
2016,654,"Evans County",FALSE,1729
2017,654,"Evans County",FALSE,1738
2018,654,"Evans County",FALSE,1794
2019,654,"Evans County",FALSE,1782
2020,654,"Evans County",FALSE,1815
2021,654,"Evans County",FALSE,1767
2022,654,"Evans County",FALSE,1721
2023,654,"Evans County",FALSE,1725
2024,654,"Evans County",FALSE,1681
2015,655,"Fannin County",FALSE,2929
2016,655,"Fannin County",FALSE,2927
2017,655,"Fannin County",FALSE,2901
2018,655,"Fannin County",FALSE,2931
2019,655,"Fannin County",FALSE,2919
2020,655,"Fannin County",FALSE,2833
2021,655,"Fannin County",FALSE,2790
2022,655,"Fannin County",FALSE,2738
2023,655,"Fannin County",FALSE,2717
2024,655,"Fannin County",FALSE,2728
2015,656,"Fayette County",FALSE,19783
2016,656,"Fayette County",FALSE,19790
2017,656,"Fayette County",FALSE,19784
2018,656,"Fayette County",FALSE,19777
2019,656,"Fayette County",FALSE,19973
2020,656,"Fayette County",FALSE,20162
2021,656,"Fayette County",FALSE,19552
2022,656,"Fayette County",FALSE,19569
2023,656,"Fayette County",FALSE,19690
2024,656,"Fayette County",FALSE,19514
2015,657,"Floyd County",FALSE,9602
2016,657,"Floyd County",FALSE,9579
2017,657,"Floyd County",FALSE,9475
2018,657,"Floyd County",FALSE,9333
2019,657,"Floyd County",FALSE,9216
2020,657,"Floyd County",FALSE,9112
2021,657,"Floyd County",FALSE,8867
2022,657,"Floyd County",FALSE,8552
2023,657,"Floyd County",FALSE,8501
2024,657,"Floyd County",FALSE,8424
2015,658,"Forsyth County",TRUE,42104
2016,658,"Forsyth County",TRUE,43935
2017,658,"Forsyth County",TRUE,45768
2018,658,"Forsyth County",TRUE,47233
2019,658,"Forsyth County",TRUE,48827
2020,658,"Forsyth County",TRUE,50034
2021,658,"Forsyth County",TRUE,50712
2022,658,"Forsyth County",TRUE,52347
2023,658,"Forsyth County",TRUE,53637
2024,658,"Forsyth County",TRUE,54558
2015,659,"Franklin County",FALSE,3547
2016,659,"Franklin County",FALSE,3612
2017,659,"Franklin County",FALSE,3671
2018,659,"Franklin County",FALSE,3659
2019,659,"Franklin County",FALSE,3570
2020,659,"Franklin County",FALSE,3572
2021,659,"Franklin County",FALSE,3527
2022,659,"Franklin County",FALSE,3590
2023,659,"Franklin County",FALSE,3585
2024,659,"Franklin County",FALSE,3530
2015,660,"Fulton County",TRUE,93376
2016,660,"Fulton County",TRUE,93551
2017,660,"Fulton County",TRUE,93984
2018,660,"Fulton County",TRUE,93448
2019,660,"Fulton County",TRUE,92334
2020,660,"Fulton County",TRUE,91746
2021,660,"Fulton County",TRUE,88414
2022,660,"Fulton County",TRUE,88342
2023,660,"Fulton County",TRUE,87850
2024,660,"Fulton County",TRUE,85956
2015,776,"Gainesville City",FALSE,7713
2016,776,"Gainesville City",FALSE,7787
2017,776,"Gainesville City",FALSE,7712
2018,776,"Gainesville City",FALSE,7727
2019,776,"Gainesville City",FALSE,7756
2020,776,"Gainesville City",FALSE,7780
2021,776,"Gainesville City",FALSE,7469
2022,776,"Gainesville City",FALSE,7530
2023,776,"Gainesville City",FALSE,7697
2024,776,"Gainesville City",FALSE,7870
2015,661,"Gilmer County",FALSE,4146
2016,661,"Gilmer County",FALSE,4045
2017,661,"Gilmer County",FALSE,4015
2018,661,"Gilmer County",FALSE,3989
2019,661,"Gilmer County",FALSE,4048
2020,661,"Gilmer County",FALSE,4035
2021,661,"Gilmer County",FALSE,3973
2022,661,"Gilmer County",FALSE,3985
2023,661,"Gilmer County",FALSE,3970
2024,661,"Gilmer County",FALSE,3972
2015,662,"Glascock County",FALSE,570
2016,662,"Glascock County",FALSE,550
2017,662,"Glascock County",FALSE,552
2018,662,"Glascock County",FALSE,507
2019,662,"Glascock County",FALSE,539
2020,662,"Glascock County",FALSE,522
2021,662,"Glascock County",FALSE,525
2022,662,"Glascock County",FALSE,553
2023,662,"Glascock County",FALSE,532
2024,662,"Glascock County",FALSE,537
2015,663,"Glynn County",FALSE,12637
2016,663,"Glynn County",FALSE,12850
2017,663,"Glynn County",FALSE,12866
2018,663,"Glynn County",FALSE,12751
2019,663,"Glynn County",FALSE,12762
2020,663,"Glynn County",FALSE,12772
2021,663,"Glynn County",FALSE,12315
2022,663,"Glynn County",FALSE,12318
2023,663,"Glynn County",FALSE,12344
2024,663,"Glynn County",FALSE,12224
2015,664,"Gordon County",FALSE,6433
2016,664,"Gordon County",FALSE,6454
2017,664,"Gordon County",FALSE,6309
2018,664,"Gordon County",FALSE,6398
2019,664,"Gordon County",FALSE,6308
2020,664,"Gordon County",FALSE,6228
2021,664,"Gordon County",FALSE,5997
2022,664,"Gordon County",FALSE,6056
2023,664,"Gordon County",FALSE,6082
2024,664,"Gordon County",FALSE,5952
2015,665,"Grady County",FALSE,4396
2016,665,"Grady County",FALSE,4333
2017,665,"Grady County",FALSE,4404
2018,665,"Grady County",FALSE,4430
2019,665,"Grady County",FALSE,4411
2020,665,"Grady County",FALSE,4442
2021,665,"Grady County",FALSE,4308
2022,665,"Grady County",FALSE,4269
2023,665,"Grady County",FALSE,4183
2024,665,"Grady County",FALSE,4251
2015,666,"Greene County",FALSE,2193
2016,666,"Greene County",FALSE,2275
2017,666,"Greene County",FALSE,2321
2018,666,"Greene County",FALSE,2366
2019,666,"Greene County",FALSE,2427
2020,666,"Greene County",FALSE,2451
2021,666,"Greene County",FALSE,2420
2022,666,"Greene County",FALSE,2370
2023,666,"Greene County",FALSE,2427
2024,666,"Greene County",FALSE,2416
2015,726,"Griffin-Spalding County",FALSE,9964
2016,726,"Griffin-Spalding County",FALSE,9753
2017,726,"Griffin-Spalding County",FALSE,9792
2018,726,"Griffin-Spalding County",FALSE,9872
2019,726,"Griffin-Spalding County",FALSE,9847
2020,726,"Griffin-Spalding County",FALSE,9704
2021,726,"Griffin-Spalding County",FALSE,9284
2022,726,"Griffin-Spalding County",FALSE,9075
2023,726,"Griffin-Spalding County",FALSE,9081
2024,726,"Griffin-Spalding County",FALSE,8882
2015,667,"Gwinnett County",TRUE,172234
2016,667,"Gwinnett County",TRUE,174939
2017,667,"Gwinnett County",TRUE,177029
2018,667,"Gwinnett County",TRUE,178065
2019,667,"Gwinnett County",TRUE,178527
2020,667,"Gwinnett County",TRUE,179338
2021,667,"Gwinnett County",TRUE,176358
2022,667,"Gwinnett County",TRUE,178363
2023,667,"Gwinnett County",TRUE,180262
2024,667,"Gwinnett County",TRUE,180495
2015,668,"Habersham County",FALSE,6724
2016,668,"Habersham County",FALSE,6663
2017,668,"Habersham County",FALSE,6673
2018,668,"Habersham County",FALSE,6672
2019,668,"Habersham County",FALSE,6696
2020,668,"Habersham County",FALSE,6769
2021,668,"Habersham County",FALSE,6642
2022,668,"Habersham County",FALSE,6857
2023,668,"Habersham County",FALSE,7002
2024,668,"Habersham County",FALSE,6985
2015,669,"Hall County",FALSE,26811
2016,669,"Hall County",FALSE,26836
2017,669,"Hall County",FALSE,26856
2018,669,"Hall County",FALSE,27064
2019,669,"Hall County",FALSE,26661
2020,669,"Hall County",FALSE,26720
2021,669,"Hall County",FALSE,26558
2022,669,"Hall County",FALSE,26713
2023,669,"Hall County",FALSE,26924
2024,669,"Hall County",FALSE,26879
2015,670,"Hancock County",FALSE,907
2016,670,"Hancock County",FALSE,904
2017,670,"Hancock County",FALSE,892
2018,670,"Hancock County",FALSE,818
2019,670,"Hancock County",FALSE,788
2020,670,"Hancock County",FALSE,736
2021,670,"Hancock County",FALSE,734
2022,670,"Hancock County",FALSE,700
2023,670,"Hancock County",FALSE,656
2024,670,"Hancock County",FALSE,616
2015,671,"Haralson County",FALSE,3383
2016,671,"Haralson County",FALSE,3362
2017,671,"Haralson County",FALSE,3300
2018,671,"Haralson County",FALSE,3261
2019,671,"Haralson County",FALSE,3172
2020,671,"Haralson County",FALSE,3148
2021,671,"Haralson County",FALSE,3121
2022,671,"Haralson County",FALSE,3155
2023,671,"Haralson County",FALSE,3239
2024,671,"Haralson County",FALSE,3253
2015,672,"Harris County",FALSE,5071
2016,672,"Harris County",FALSE,5042
2017,672,"Harris County",FALSE,5042
2018,672,"Harris County",FALSE,5051
2019,672,"Harris County",FALSE,5190
2020,672,"Harris County",FALSE,5275
2021,672,"Harris County",FALSE,5257
2022,672,"Harris County",FALSE,5204
2023,672,"Harris County",FALSE,5340
2024,672,"Harris County",FALSE,5326
2015,673,"Hart County",FALSE,3418
2016,673,"Hart County",FALSE,3411
2017,673,"Hart County",FALSE,3382
2018,673,"Hart County",FALSE,3442
2019,673,"Hart County",FALSE,3429
2020,673,"Hart County",FALSE,3425
2021,673,"Hart County",FALSE,3356
2022,673,"Hart County",FALSE,3464
2023,673,"Hart County",FALSE,3508
2024,673,"Hart County",FALSE,3619
2015,674,"Heard County",FALSE,1899
2016,674,"Heard County",FALSE,1915
2017,674,"Heard County",FALSE,1927
2018,674,"Heard County",FALSE,1993
2019,674,"Heard County",FALSE,1985
2020,674,"Heard County",FALSE,1994
2021,674,"Heard County",FALSE,1974
2022,674,"Heard County",FALSE,2070
2023,674,"Heard County",FALSE,2064
2024,674,"Heard County",FALSE,2128
2015,675,"Henry County",FALSE,41064
2016,675,"Henry County",FALSE,41589
2017,675,"Henry County",FALSE,41660
2018,675,"Henry County",FALSE,41699
2019,675,"Henry County",FALSE,42238
2020,675,"Henry County",FALSE,42611
2021,675,"Henry County",FALSE,42048
2022,675,"Henry County",FALSE,42435
2023,675,"Henry County",FALSE,43028
2024,675,"Henry County",FALSE,42843
2015,676,"Houston County",FALSE,27062
2016,676,"Houston County",FALSE,27414
2017,676,"Houston County",FALSE,27875
2018,676,"Houston County",FALSE,28348
2019,676,"Houston County",FALSE,28640
2020,676,"Houston County",FALSE,29107
2021,676,"Houston County",FALSE,28621
2022,676,"Houston County",FALSE,29097
2023,676,"Houston County",FALSE,29458
2024,676,"Houston County",FALSE,29587
2015,677,"Irwin County",FALSE,1708
2016,677,"Irwin County",FALSE,1687
2017,677,"Irwin County",FALSE,1667
2018,677,"Irwin County",FALSE,1641
2019,677,"Irwin County",FALSE,1627
2020,677,"Irwin County",FALSE,1611
2021,677,"Irwin County",FALSE,1570
2022,677,"Irwin County",FALSE,1535
2023,677,"Irwin County",FALSE,1534
2024,677,"Irwin County",FALSE,1537
2015,678,"Jackson County",FALSE,7171
2016,678,"Jackson County",FALSE,7189
2017,678,"Jackson County",FALSE,7305
2018,678,"Jackson County",FALSE,7417
2019,678,"Jackson County",FALSE,7621
2020,678,"Jackson County",FALSE,7990
2021,678,"Jackson County",FALSE,8221
2022,678,"Jackson County",FALSE,8794
2023,678,"Jackson County",FALSE,9542
2024,678,"Jackson County",FALSE,10091
2015,679,"Jasper County",FALSE,2242
2016,679,"Jasper County",FALSE,2274
2017,679,"Jasper County",FALSE,2291
2018,679,"Jasper County",FALSE,2284
2019,679,"Jasper County",FALSE,2262
2020,679,"Jasper County",FALSE,2280
2021,679,"Jasper County",FALSE,2250
2022,679,"Jasper County",FALSE,2254
2023,679,"Jasper County",FALSE,2450
2024,679,"Jasper County",FALSE,2496
2015,680,"Jeff Davis County",FALSE,2921
2016,680,"Jeff Davis County",FALSE,2931
2017,680,"Jeff Davis County",FALSE,2976
2018,680,"Jeff Davis County",FALSE,2949
2019,680,"Jeff Davis County",FALSE,2919
2020,680,"Jeff Davis County",FALSE,2883
2021,680,"Jeff Davis County",FALSE,2892
2022,680,"Jeff Davis County",FALSE,2891
2023,680,"Jeff Davis County",FALSE,2888
2024,680,"Jeff Davis County",FALSE,2892
2015,779,"Jefferson City",FALSE,3131
2016,779,"Jefferson City",FALSE,3275
2017,779,"Jefferson City",FALSE,3500
2018,779,"Jefferson City",FALSE,3608
2019,779,"Jefferson City",FALSE,3713
2020,779,"Jefferson City",FALSE,3861
2021,779,"Jefferson City",FALSE,3817
2022,779,"Jefferson City",FALSE,3946
2023,779,"Jefferson City",FALSE,3967
2024,779,"Jefferson City",FALSE,3970
2015,681,"Jefferson County",FALSE,2680
2016,681,"Jefferson County",FALSE,2599
2017,681,"Jefferson County",FALSE,2523
2018,681,"Jefferson County",FALSE,2487
2019,681,"Jefferson County",FALSE,2354
2020,681,"Jefferson County",FALSE,2248
2021,681,"Jefferson County",FALSE,2151
2022,681,"Jefferson County",FALSE,2037
2023,681,"Jefferson County",FALSE,1937
2024,681,"Jefferson County",FALSE,1915
2015,682,"Jenkins County",FALSE,1190
2016,682,"Jenkins County",FALSE,1167
2017,682,"Jenkins County",FALSE,1103
2018,682,"Jenkins County",FALSE,1081
2019,682,"Jenkins County",FALSE,1093
2020,682,"Jenkins County",FALSE,1063
2021,682,"Jenkins County",FALSE,1060
2022,682,"Jenkins County",FALSE,1105
2023,682,"Jenkins County",FALSE,1079
2024,682,"Jenkins County",FALSE,1076
2015,683,"Johnson County",FALSE,1103
2016,683,"Johnson County",FALSE,1102
2017,683,"Johnson County",FALSE,1099
2018,683,"Johnson County",FALSE,1119
2019,683,"Johnson County",FALSE,1078
2020,683,"Johnson County",FALSE,1045
2021,683,"Johnson County",FALSE,1014
2022,683,"Johnson County",FALSE,973
2023,683,"Johnson County",FALSE,961
2024,683,"Johnson County",FALSE,993
2015,684,"Jones County",FALSE,5187
2016,684,"Jones County",FALSE,5244
2017,684,"Jones County",FALSE,5119
2018,684,"Jones County",FALSE,5156
2019,684,"Jones County",FALSE,5036
2020,684,"Jones County",FALSE,5019
2021,684,"Jones County",FALSE,4877
2022,684,"Jones County",FALSE,4874
2023,684,"Jones County",FALSE,4897
2024,684,"Jones County",FALSE,4726
2015,685,"Lamar County",FALSE,2531
2016,685,"Lamar County",FALSE,2606
2017,685,"Lamar County",FALSE,2599
2018,685,"Lamar County",FALSE,2559
2019,685,"Lamar County",FALSE,2536
2020,685,"Lamar County",FALSE,2547
2021,685,"Lamar County",FALSE,2570
2022,685,"Lamar County",FALSE,2639
2023,685,"Lamar County",FALSE,2683
2024,685,"Lamar County",FALSE,2754
2015,686,"Lanier County",FALSE,1663
2016,686,"Lanier County",FALSE,1680
2017,686,"Lanier County",FALSE,1674
2018,686,"Lanier County",FALSE,1641
2019,686,"Lanier County",FALSE,1636
2020,686,"Lanier County",FALSE,1618
2021,686,"Lanier County",FALSE,1628
2022,686,"Lanier County",FALSE,1645
2023,686,"Lanier County",FALSE,1633
2024,686,"Lanier County",FALSE,1593
2015,687,"Laurens County",FALSE,6286
2016,687,"Laurens County",FALSE,6222
2017,687,"Laurens County",FALSE,6143
2018,687,"Laurens County",FALSE,6158
2019,687,"Laurens County",FALSE,6258
2020,687,"Laurens County",FALSE,6261
2021,687,"Laurens County",FALSE,6107
2022,687,"Laurens County",FALSE,6101
2023,687,"Laurens County",FALSE,6132
2024,687,"Laurens County",FALSE,6024
2015,688,"Lee County",FALSE,6284
2016,688,"Lee County",FALSE,6149
2017,688,"Lee County",FALSE,6157
2018,688,"Lee County",FALSE,6166
2019,688,"Lee County",FALSE,6213
2020,688,"Lee County",FALSE,6344
2021,688,"Lee County",FALSE,6113
2022,688,"Lee County",FALSE,6027
2023,688,"Lee County",FALSE,6045
2024,688,"Lee County",FALSE,5859
2015,689,"Liberty County",FALSE,9610
2016,689,"Liberty County",FALSE,9520
2017,689,"Liberty County",FALSE,9549
2018,689,"Liberty County",FALSE,9488
2019,689,"Liberty County",FALSE,9627
2020,689,"Liberty County",FALSE,9616
2021,689,"Liberty County",FALSE,9647
2022,689,"Liberty County",FALSE,9919
2023,689,"Liberty County",FALSE,10096
2024,689,"Liberty County",FALSE,10310
2015,690,"Lincoln County",FALSE,1129
2016,690,"Lincoln County",FALSE,1129
2017,690,"Lincoln County",FALSE,1126
2018,690,"Lincoln County",FALSE,1080
2019,690,"Lincoln County",FALSE,1067
2020,690,"Lincoln County",FALSE,1046
2021,690,"Lincoln County",FALSE,1066
2022,690,"Lincoln County",FALSE,1101
2023,690,"Lincoln County",FALSE,1157
2024,690,"Lincoln County",FALSE,1180
2015,691,"Long County",FALSE,3077
2016,691,"Long County",FALSE,3305
2017,691,"Long County",FALSE,3404
2018,691,"Long County",FALSE,3523
2019,691,"Long County",FALSE,3582
2020,691,"Long County",FALSE,3678
2021,691,"Long County",FALSE,3711
2022,691,"Long County",FALSE,3892
2023,691,"Long County",FALSE,4128
2024,691,"Long County",FALSE,4337
2015,692,"Lowndes County",FALSE,10166
2016,692,"Lowndes County",FALSE,10147
2017,692,"Lowndes County",FALSE,10290
2018,692,"Lowndes County",FALSE,10253
2019,692,"Lowndes County",FALSE,10273
2020,692,"Lowndes County",FALSE,10475
2021,692,"Lowndes County",FALSE,10260
2022,692,"Lowndes County",FALSE,10264
2023,692,"Lowndes County",FALSE,10369
2024,692,"Lowndes County",FALSE,10232
2015,693,"Lumpkin County",FALSE,3698
2016,693,"Lumpkin County",FALSE,3710
2017,693,"Lumpkin County",FALSE,3806
2018,693,"Lumpkin County",FALSE,3824
2019,693,"Lumpkin County",FALSE,3818
2020,693,"Lumpkin County",FALSE,3827
2021,693,"Lumpkin County",FALSE,3710
2022,693,"Lumpkin County",FALSE,3724
2023,693,"Lumpkin County",FALSE,3716
2024,693,"Lumpkin County",FALSE,3773
2015,694,"Macon County",FALSE,1514
2016,694,"Macon County",FALSE,1442
2017,694,"Macon County",FALSE,1360
2018,694,"Macon County",FALSE,1297
2019,694,"Macon County",FALSE,1210
2020,694,"Macon County",FALSE,1109
2021,694,"Macon County",FALSE,1086
2022,694,"Macon County",FALSE,1093
2023,694,"Macon County",FALSE,1043
2024,694,"Macon County",FALSE,1032
2015,695,"Madison County",FALSE,4708
2016,695,"Madison County",FALSE,4699
2017,695,"Madison County",FALSE,4756
2018,695,"Madison County",FALSE,4776
2019,695,"Madison County",FALSE,4814
2020,695,"Madison County",FALSE,4831
2021,695,"Madison County",FALSE,4803
2022,695,"Madison County",FALSE,4764
2023,695,"Madison County",FALSE,4903
2024,695,"Madison County",FALSE,4941
2015,781,"Marietta City",TRUE,8769
2016,781,"Marietta City",TRUE,8843
2017,781,"Marietta City",TRUE,8873
2018,781,"Marietta City",TRUE,8874
2019,781,"Marietta City",TRUE,8624
2020,781,"Marietta City",TRUE,8726
2021,781,"Marietta City",TRUE,8479
2022,781,"Marietta City",TRUE,8562
2023,781,"Marietta City",TRUE,8569
2024,781,"Marietta City",TRUE,8509
2015,696,"Marion County",FALSE,1378
2016,696,"Marion County",FALSE,1392
2017,696,"Marion County",FALSE,1393
2018,696,"Marion County",FALSE,1343
2019,696,"Marion County",FALSE,1285
2020,696,"Marion County",FALSE,1301
2021,696,"Marion County",FALSE,1214
2022,696,"Marion County",FALSE,1235
2023,696,"Marion County",FALSE,1213
2024,696,"Marion County",FALSE,1226
2015,697,"McDuffie County",FALSE,4129
2016,697,"McDuffie County",FALSE,4058
2017,697,"McDuffie County",FALSE,3985
2018,697,"McDuffie County",FALSE,3828
2019,697,"McDuffie County",FALSE,3662
2020,697,"McDuffie County",FALSE,3499
2021,697,"McDuffie County",FALSE,3330
2022,697,"McDuffie County",FALSE,3192
2023,697,"McDuffie County",FALSE,3133
2024,697,"McDuffie County",FALSE,3034
2015,698,"McIntosh County",FALSE,1551
2016,698,"McIntosh County",FALSE,1434
2017,698,"McIntosh County",FALSE,1341
2018,698,"McIntosh County",FALSE,1309
2019,698,"McIntosh County",FALSE,1250
2020,698,"McIntosh County",FALSE,1259
2021,698,"McIntosh County",FALSE,1205
2022,698,"McIntosh County",FALSE,1196
2023,698,"McIntosh County",FALSE,1263
2024,698,"McIntosh County",FALSE,1257
2015,699,"Meriwether County",FALSE,2814
2016,699,"Meriwether County",FALSE,2727
2017,699,"Meriwether County",FALSE,2628
2018,699,"Meriwether County",FALSE,2584
2019,699,"Meriwether County",FALSE,2387
2020,699,"Meriwether County",FALSE,2307
2021,699,"Meriwether County",FALSE,2204
2022,699,"Meriwether County",FALSE,2223
2023,699,"Meriwether County",FALSE,2178
2024,699,"Meriwether County",FALSE,2122
2015,700,"Miller County",FALSE,950
2016,700,"Miller County",FALSE,977
2017,700,"Miller County",FALSE,975
2018,700,"Miller County",FALSE,940
2019,700,"Miller County",FALSE,863
2020,700,"Miller County",FALSE,816
2021,700,"Miller County",FALSE,739
2022,700,"Miller County",FALSE,700
2023,700,"Miller County",FALSE,692
2024,700,"Miller County",FALSE,738
2015,701,"Mitchell County",FALSE,2279
2016,701,"Mitchell County",FALSE,2298
2017,701,"Mitchell County",FALSE,2271
2018,701,"Mitchell County",FALSE,2178
2019,701,"Mitchell County",FALSE,2160
2020,701,"Mitchell County",FALSE,1270
2021,701,"Mitchell County",FALSE,1239
2022,701,"Mitchell County",FALSE,1184
2023,701,"Mitchell County",FALSE,1239
2024,701,"Mitchell County",FALSE,1200
2015,702,"Monroe County",FALSE,3813
2016,702,"Monroe County",FALSE,3814
2017,702,"Monroe County",FALSE,3846
2018,702,"Monroe County",FALSE,3851
2019,702,"Monroe County",FALSE,3841
2020,702,"Monroe County",FALSE,3938
2021,702,"Monroe County",FALSE,3976
2022,702,"Monroe County",FALSE,4100
2023,702,"Monroe County",FALSE,4296
2024,702,"Monroe County",FALSE,4367
2015,703,"Montgomery County",FALSE,2836
2016,703,"Montgomery County",FALSE,1353
2017,703,"Montgomery County",FALSE,864
2018,703,"Montgomery County",FALSE,867
2019,703,"Montgomery County",FALSE,845
2020,703,"Montgomery County",FALSE,833
2021,703,"Montgomery County",FALSE,871
2022,703,"Montgomery County",FALSE,904
2023,703,"Montgomery County",FALSE,896
2024,703,"Montgomery County",FALSE,856
2015,704,"Morgan County",FALSE,3125
2016,704,"Morgan County",FALSE,3089
2017,704,"Morgan County",FALSE,3056
2018,704,"Morgan County",FALSE,2998
2019,704,"Morgan County",FALSE,2990
2020,704,"Morgan County",FALSE,3107
2021,704,"Morgan County",FALSE,3149
2022,704,"Morgan County",FALSE,3290
2023,704,"Morgan County",FALSE,3415
2024,704,"Morgan County",FALSE,3388
2015,705,"Murray County",FALSE,7374
2016,705,"Murray County",FALSE,7297
2017,705,"Murray County",FALSE,7161
2018,705,"Murray County",FALSE,7130
2019,705,"Murray County",FALSE,6960
2020,705,"Murray County",FALSE,6891
2021,705,"Murray County",FALSE,6594
2022,705,"Murray County",FALSE,6561
2023,705,"Murray County",FALSE,6602
2024,705,"Murray County",FALSE,6475
2015,706,"Muscogee County",FALSE,31127
2016,706,"Muscogee County",FALSE,30785
2017,706,"Muscogee County",FALSE,30491
2018,706,"Muscogee County",FALSE,30686
2019,706,"Muscogee County",FALSE,30756
2020,706,"Muscogee County",FALSE,30641
2021,706,"Muscogee County",FALSE,29806
2022,706,"Muscogee County",FALSE,28994
2023,706,"Muscogee County",FALSE,28692
2024,706,"Muscogee County",FALSE,28492
2015,707,"Newton County",FALSE,18954
2016,707,"Newton County",FALSE,19002
2017,707,"Newton County",FALSE,18950
2018,707,"Newton County",FALSE,18950
2019,707,"Newton County",FALSE,19002
2020,707,"Newton County",FALSE,18851
2021,707,"Newton County",FALSE,18158
2022,707,"Newton County",FALSE,18133
2023,707,"Newton County",FALSE,17997
2024,707,"Newton County",FALSE,18168
2015,708,"Oconee County",FALSE,6966
2016,708,"Oconee County",FALSE,7211
2017,708,"Oconee County",FALSE,7451
2018,708,"Oconee County",FALSE,7687
2019,708,"Oconee County",FALSE,7968
2020,708,"Oconee County",FALSE,8070
2021,708,"Oconee County",FALSE,8152
2022,708,"Oconee County",FALSE,8343
2023,708,"Oconee County",FALSE,8457
2024,708,"Oconee County",FALSE,8449
2015,709,"Oglethorpe County",FALSE,2160
2016,709,"Oglethorpe County",FALSE,2101
2017,709,"Oglethorpe County",FALSE,2080
2018,709,"Oglethorpe County",FALSE,2096
2019,709,"Oglethorpe County",FALSE,2044
2020,709,"Oglethorpe County",FALSE,2076
2021,709,"Oglethorpe County",FALSE,2079
2022,709,"Oglethorpe County",FALSE,2125
2023,709,"Oglethorpe County",FALSE,2154
2024,709,"Oglethorpe County",FALSE,2240
2015,710,"Paulding County",FALSE,28332
2016,710,"Paulding County",FALSE,28466
2017,710,"Paulding County",FALSE,28807
2018,710,"Paulding County",FALSE,29209
2019,710,"Paulding County",FALSE,29710
2020,710,"Paulding County",FALSE,30226
2021,710,"Paulding County",FALSE,29735
2022,710,"Paulding County",FALSE,30913
2023,710,"Paulding County",FALSE,31302
2024,710,"Paulding County",FALSE,31591
2015,711,"Peach County",FALSE,3604
2016,711,"Peach County",FALSE,3603
2017,711,"Peach County",FALSE,3548
2018,711,"Peach County",FALSE,3566
2019,711,"Peach County",FALSE,3504
2020,711,"Peach County",FALSE,3591
2021,711,"Peach County",FALSE,3552
2022,711,"Peach County",FALSE,3656
2023,711,"Peach County",FALSE,3764
2024,711,"Peach County",FALSE,3918
2015,784,"Pelham City",FALSE,1413
2016,784,"Pelham City",FALSE,1387
2017,784,"Pelham City",FALSE,1415
2018,784,"Pelham City",FALSE,1399
2019,784,"Pelham City",FALSE,1343
2020,784,"Pelham City",FALSE,1352
2021,784,"Pelham City",FALSE,1321
2022,784,"Pelham City",FALSE,1322
2023,784,"Pelham City",FALSE,1321
2024,784,"Pelham City",FALSE,1229
2015,712,"Pickens County",FALSE,4272
2016,712,"Pickens County",FALSE,4248
2017,712,"Pickens County",FALSE,4325
2018,712,"Pickens County",FALSE,4300
2019,712,"Pickens County",FALSE,4243
2020,712,"Pickens County",FALSE,4247
2021,712,"Pickens County",FALSE,4105
2022,712,"Pickens County",FALSE,4028
2023,712,"Pickens County",FALSE,4044
2024,712,"Pickens County",FALSE,3931
2015,713,"Pierce County",FALSE,3588
2016,713,"Pierce County",FALSE,3483
2017,713,"Pierce County",FALSE,3503
2018,713,"Pierce County",FALSE,3511
2019,713,"Pierce County",FALSE,3477
2020,713,"Pierce County",FALSE,3460
2021,713,"Pierce County",FALSE,3418
2022,713,"Pierce County",FALSE,3419
2023,713,"Pierce County",FALSE,3489
2024,713,"Pierce County",FALSE,3484
2015,714,"Pike County",FALSE,3340
2016,714,"Pike County",FALSE,3315
2017,714,"Pike County",FALSE,3232
2018,714,"Pike County",FALSE,3261
2019,714,"Pike County",FALSE,3193
2020,714,"Pike County",FALSE,3276
2021,714,"Pike County",FALSE,3317
2022,714,"Pike County",FALSE,3406
2023,714,"Pike County",FALSE,3490
2024,714,"Pike County",FALSE,3432
2015,715,"Polk County",FALSE,7396
2016,715,"Polk County",FALSE,7456
2017,715,"Polk County",FALSE,7431
2018,715,"Polk County",FALSE,7503
2019,715,"Polk County",FALSE,7550
2020,715,"Polk County",FALSE,7688
2021,715,"Polk County",FALSE,7413
2022,715,"Polk County",FALSE,7521
2023,715,"Polk County",FALSE,7541
2024,715,"Polk County",FALSE,7566
2015,716,"Pulaski County",FALSE,1321
2016,716,"Pulaski County",FALSE,1300
2017,716,"Pulaski County",FALSE,1283
2018,716,"Pulaski County",FALSE,1250
2019,716,"Pulaski County",FALSE,1281
2020,716,"Pulaski County",FALSE,1259
2021,716,"Pulaski County",FALSE,1210
2022,716,"Pulaski County",FALSE,1166
2023,716,"Pulaski County",FALSE,1245
2024,716,"Pulaski County",FALSE,1252
2015,717,"Putnam County",FALSE,2709
2016,717,"Putnam County",FALSE,2722
2017,717,"Putnam County",FALSE,2822
2018,717,"Putnam County",FALSE,2818
2019,717,"Putnam County",FALSE,2819
2020,717,"Putnam County",FALSE,2853
2021,717,"Putnam County",FALSE,2871
2022,717,"Putnam County",FALSE,2805
2023,717,"Putnam County",FALSE,2808
2024,717,"Putnam County",FALSE,2811
2015,718,"Quitman County",FALSE,300
2016,718,"Quitman County",FALSE,299
2017,718,"Quitman County",FALSE,315
2018,718,"Quitman County",FALSE,312
2019,718,"Quitman County",FALSE,298
2020,718,"Quitman County",FALSE,282
2021,718,"Quitman County",FALSE,265
2022,718,"Quitman County",FALSE,253
2023,718,"Quitman County",FALSE,294
2024,718,"Quitman County",FALSE,301
2015,719,"Rabun County",FALSE,2159
2016,719,"Rabun County",FALSE,2154
2017,719,"Rabun County",FALSE,2138
2018,719,"Rabun County",FALSE,2159
2019,719,"Rabun County",FALSE,2142
2020,719,"Rabun County",FALSE,2183
2021,719,"Rabun County",FALSE,2066
2022,719,"Rabun County",FALSE,2119
2023,719,"Rabun County",FALSE,2154
2024,719,"Rabun County",FALSE,2179
2015,720,"Randolph County",FALSE,912
2016,720,"Randolph County",FALSE,908
2017,720,"Randolph County",FALSE,871
2018,720,"Randolph County",FALSE,799
2019,720,"Randolph County",FALSE,713
2020,720,"Randolph County",FALSE,712
2021,720,"Randolph County",FALSE,710
2022,720,"Randolph County",FALSE,694
2023,720,"Randolph County",FALSE,638
2024,720,"Randolph County",FALSE,627
2015,721,"Richmond County",FALSE,30550
2016,721,"Richmond County",FALSE,30201
2017,721,"Richmond County",FALSE,29853
2018,721,"Richmond County",FALSE,29544
2019,721,"Richmond County",FALSE,29662
2020,721,"Richmond County",FALSE,29398
2021,721,"Richmond County",FALSE,28295
2022,721,"Richmond County",FALSE,28191
2023,721,"Richmond County",FALSE,28276
2024,721,"Richmond County",FALSE,28032
2015,722,"Rockdale County",TRUE,16142
2016,722,"Rockdale County",TRUE,16183
2017,722,"Rockdale County",TRUE,16127
2018,722,"Rockdale County",TRUE,16262
2019,722,"Rockdale County",TRUE,16340
2020,722,"Rockdale County",TRUE,16104
2021,722,"Rockdale County",TRUE,15334
2022,722,"Rockdale County",TRUE,15203
2023,722,"Rockdale County",TRUE,15293
2024,722,"Rockdale County",TRUE,14947
2015,785,"Rome City",FALSE,6052
2016,785,"Rome City",FALSE,6003
2017,785,"Rome City",FALSE,6072
2018,785,"Rome City",FALSE,6179
2019,785,"Rome City",FALSE,6305
2020,785,"Rome City",FALSE,6235
2021,785,"Rome City",FALSE,6131
2022,785,"Rome City",FALSE,6321
2023,785,"Rome City",FALSE,6340
2024,785,"Rome City",FALSE,6206
2015,625,"Savannah-Chatham County",FALSE,36552
2016,625,"Savannah-Chatham County",FALSE,36723
2017,625,"Savannah-Chatham County",FALSE,36436
2018,625,"Savannah-Chatham County",FALSE,35954
2019,625,"Savannah-Chatham County",FALSE,35915
2020,625,"Savannah-Chatham County",FALSE,35771
2021,625,"Savannah-Chatham County",FALSE,34931
2022,625,"Savannah-Chatham County",FALSE,34472
2023,625,"Savannah-Chatham County",FALSE,34751
2024,625,"Savannah-Chatham County",FALSE,34159
2015,723,"Schley County",FALSE,1316
2016,723,"Schley County",FALSE,1270
2017,723,"Schley County",FALSE,1242
2018,723,"Schley County",FALSE,1257
2019,723,"Schley County",FALSE,1236
2020,723,"Schley County",FALSE,1219
2021,723,"Schley County",FALSE,1191
2022,723,"Schley County",FALSE,1192
2023,723,"Schley County",FALSE,1162
2024,723,"Schley County",FALSE,1164
2015,724,"Screven County",FALSE,2259
2016,724,"Screven County",FALSE,2171
2017,724,"Screven County",FALSE,2229
2018,724,"Screven County",FALSE,2240
2019,724,"Screven County",FALSE,2211
2020,724,"Screven County",FALSE,2190
2021,724,"Screven County",FALSE,2063
2022,724,"Screven County",FALSE,1984
2023,724,"Screven County",FALSE,1952
2024,724,"Screven County",FALSE,1999
2015,725,"Seminole County",FALSE,1578
2016,725,"Seminole County",FALSE,1497
2017,725,"Seminole County",FALSE,1467
2018,725,"Seminole County",FALSE,1433
2019,725,"Seminole County",FALSE,1386
2020,725,"Seminole County",FALSE,1276
2021,725,"Seminole County",FALSE,1250
2022,725,"Seminole County",FALSE,1252
2023,725,"Seminole County",FALSE,1272
2024,725,"Seminole County",FALSE,1269
2015,786,"Social Circle City",FALSE,1597
2016,786,"Social Circle City",FALSE,1626
2017,786,"Social Circle City",FALSE,1664
2018,786,"Social Circle City",FALSE,1716
2019,786,"Social Circle City",FALSE,1722
2020,786,"Social Circle City",FALSE,1706
2021,786,"Social Circle City",FALSE,1751
2022,786,"Social Circle City",FALSE,1847
2023,786,"Social Circle City",FALSE,1845
2024,786,"Social Circle City",FALSE,1848
2023,783,"State Charter Schools II- Amana Academy West Atlanta",FALSE,13267
2024,783,"State Charter Schools II- Amana Academy West Atlanta",FALSE,15387
2015,783,"State Charter Schools II- Atlanta Heights Charter School",FALSE,2697
2016,783,"State Charter Schools II- Atlanta Heights Charter School",FALSE,2890
2022,783,"State Charter Schools II- D.E.L.T.A. STEAM Academy",FALSE,12097
2021,783,"State Charter Schools II- Harriet Tubman School of Science & Technology",FALSE,11007
2019,783,"State Charter Schools II- International Charter Academy of Georgia",FALSE,6229
2020,783,"State Charter Schools II- International Charter Academy of Georgia",FALSE,9516
2018,783,"State Charter Schools II- Ivy Preparatory Academy at Gwinnett",FALSE,5660
2017,783,"State Charter Schools II- Southwest Georgia S.T.E.M. Charter Academy",FALSE,3894
2022,782,"State Charter Schools- Coastal Plains Charter High School",FALSE,28508
2023,782,"State Charter Schools- Coastal Plains Charter High School",FALSE,27944
2024,782,"State Charter Schools- Coastal Plains High School",FALSE,28330
2016,782,"State Charter Schools- Dubois Integrity Academy",FALSE,26194
2017,782,"State Charter Schools- Dubois Integrity Academy",FALSE,26783
2018,782,"State Charter Schools- Dubois Integrity Academy",FALSE,28426
2019,782,"State Charter Schools- Dubois Integrity Academy",FALSE,24839
2020,782,"State Charter Schools- Dubois Integrity Academy",FALSE,23612
2021,782,"State Charter Schools- Dubois Integrity Academy",FALSE,27611
2015,782,"State Charter Schools- Graduation Achievement Center Charter High School",FALSE,23138
2020,799,"State Schools",FALSE,323
2021,799,"State Schools",FALSE,318
2022,799,"State Schools",FALSE,315
2023,799,"State Schools",FALSE,298
2024,799,"State Schools",FALSE,272
2015,799,"State Schools- Atlanta Area School for the Deaf",FALSE,382
2016,799,"State Schools- Atlanta Area School for the Deaf",FALSE,382
2017,799,"State Schools- Atlanta Area School for the Deaf",FALSE,352
2018,799,"State Schools- Atlanta Area School for the Deaf",FALSE,337
2019,799,"State Schools- Atlanta Area School for the Deaf",FALSE,331
2015,727,"Stephens County",FALSE,3921
2016,727,"Stephens County",FALSE,3940
2017,727,"Stephens County",FALSE,3914
2018,727,"Stephens County",FALSE,3861
2019,727,"Stephens County",FALSE,3792
2020,727,"Stephens County",FALSE,3808
2021,727,"Stephens County",FALSE,3779
2022,727,"Stephens County",FALSE,3679
2023,727,"Stephens County",FALSE,3679
2024,727,"Stephens County",FALSE,3705
2015,728,"Stewart County",FALSE,474
2016,728,"Stewart County",FALSE,474
2017,728,"Stewart County",FALSE,484
2018,728,"Stewart County",FALSE,446
2019,728,"Stewart County",FALSE,425
2020,728,"Stewart County",FALSE,402
2021,728,"Stewart County",FALSE,402
2022,728,"Stewart County",FALSE,392
2023,728,"Stewart County",FALSE,384
2024,728,"Stewart County",FALSE,345
2015,729,"Sumter County",FALSE,4504
2016,729,"Sumter County",FALSE,4541
2017,729,"Sumter County",FALSE,4446
2018,729,"Sumter County",FALSE,4337
2019,729,"Sumter County",FALSE,4241
2020,729,"Sumter County",FALSE,4161
2021,729,"Sumter County",FALSE,3478
2022,729,"Sumter County",FALSE,3417
2023,729,"Sumter County",FALSE,3393
2024,729,"Sumter County",FALSE,3416
2015,730,"Talbot County",FALSE,504
2016,730,"Talbot County",FALSE,496
2017,730,"Talbot County",FALSE,469
2018,730,"Talbot County",FALSE,458
2019,730,"Talbot County",FALSE,427
2020,730,"Talbot County",FALSE,429
2021,730,"Talbot County",FALSE,443
2022,730,"Talbot County",FALSE,396
2023,730,"Talbot County",FALSE,386
2024,730,"Talbot County",FALSE,368
2015,731,"Taliaferro County",FALSE,178
2016,731,"Taliaferro County",FALSE,151
2017,731,"Taliaferro County",FALSE,145
2018,731,"Taliaferro County",FALSE,163
2019,731,"Taliaferro County",FALSE,162
2020,731,"Taliaferro County",FALSE,164
2021,731,"Taliaferro County",FALSE,170
2022,731,"Taliaferro County",FALSE,168
2023,731,"Taliaferro County",FALSE,174
2024,731,"Taliaferro County",FALSE,177
2015,732,"Tattnall County",FALSE,3557
2016,732,"Tattnall County",FALSE,3546
2017,732,"Tattnall County",FALSE,3544
2018,732,"Tattnall County",FALSE,3658
2019,732,"Tattnall County",FALSE,3567
2020,732,"Tattnall County",FALSE,3572
2021,732,"Tattnall County",FALSE,3528
2022,732,"Tattnall County",FALSE,3402
2023,732,"Tattnall County",FALSE,3383
2024,732,"Tattnall County",FALSE,3408
2015,733,"Taylor County",FALSE,1376
2016,733,"Taylor County",FALSE,1379
2017,733,"Taylor County",FALSE,1389
2018,733,"Taylor County",FALSE,1345
2019,733,"Taylor County",FALSE,1349
2020,733,"Taylor County",FALSE,1326
2021,733,"Taylor County",FALSE,1271
2022,733,"Taylor County",FALSE,1204
2023,733,"Taylor County",FALSE,1166
2024,733,"Taylor County",FALSE,1128
2015,734,"Telfair County",FALSE,1593
2016,734,"Telfair County",FALSE,1634
2017,734,"Telfair County",FALSE,1627
2018,734,"Telfair County",FALSE,1645
2019,734,"Telfair County",FALSE,1617
2020,734,"Telfair County",FALSE,1582
2021,734,"Telfair County",FALSE,1526
2022,734,"Telfair County",FALSE,1500
2023,734,"Telfair County",FALSE,1470
2024,734,"Telfair County",FALSE,1475
2015,735,"Terrell County",FALSE,1387
2016,735,"Terrell County",FALSE,1363
2017,735,"Terrell County",FALSE,1335
2018,735,"Terrell County",FALSE,1286
2019,735,"Terrell County",FALSE,1205
2020,735,"Terrell County",FALSE,1162
2021,735,"Terrell County",FALSE,1124
2022,735,"Terrell County",FALSE,1005
2023,735,"Terrell County",FALSE,990
2024,735,"Terrell County",FALSE,923
2015,736,"Thomas County",FALSE,5337
2016,736,"Thomas County",FALSE,5467
2017,736,"Thomas County",FALSE,5497
2018,736,"Thomas County",FALSE,5486
2019,736,"Thomas County",FALSE,5494
2020,736,"Thomas County",FALSE,5478
2021,736,"Thomas County",FALSE,5522
2022,736,"Thomas County",FALSE,5452
2023,736,"Thomas County",FALSE,5388
2024,736,"Thomas County",FALSE,5437
2015,745,"Thomaston-Upson County",FALSE,4100
2016,745,"Thomaston-Upson County",FALSE,4068
2017,745,"Thomaston-Upson County",FALSE,4040
2018,745,"Thomaston-Upson County",FALSE,4006
2019,745,"Thomaston-Upson County",FALSE,3941
2020,745,"Thomaston-Upson County",FALSE,3993
2021,745,"Thomaston-Upson County",FALSE,3898
2022,745,"Thomaston-Upson County",FALSE,3907
2023,745,"Thomaston-Upson County",FALSE,3913
2024,745,"Thomaston-Upson County",FALSE,3937
2015,789,"Thomasville City",FALSE,2792
2016,789,"Thomasville City",FALSE,2705
2017,789,"Thomasville City",FALSE,2737
2018,789,"Thomasville City",FALSE,2692
2019,789,"Thomasville City",FALSE,2678
2020,789,"Thomasville City",FALSE,2609
2021,789,"Thomasville City",FALSE,2576
2022,789,"Thomasville City",FALSE,2607
2023,789,"Thomasville City",FALSE,2624
2024,789,"Thomasville City",FALSE,2511
2015,737,"Tift County",FALSE,7608
2016,737,"Tift County",FALSE,7501
2017,737,"Tift County",FALSE,7431
2018,737,"Tift County",FALSE,7514
2019,737,"Tift County",FALSE,7516
2020,737,"Tift County",FALSE,7500
2021,737,"Tift County",FALSE,7441
2022,737,"Tift County",FALSE,7265
2023,737,"Tift County",FALSE,7288
2024,737,"Tift County",FALSE,7236
2015,738,"Toombs County",FALSE,2844
2016,738,"Toombs County",FALSE,2853
2017,738,"Toombs County",FALSE,2830
2018,738,"Toombs County",FALSE,2779
2019,738,"Toombs County",FALSE,2754
2020,738,"Toombs County",FALSE,2808
2021,738,"Toombs County",FALSE,2721
2022,738,"Toombs County",FALSE,2776
2023,738,"Toombs County",FALSE,2832
2024,738,"Toombs County",FALSE,2895
2015,739,"Towns County",FALSE,1022
2016,739,"Towns County",FALSE,1015
2017,739,"Towns County",FALSE,1007
2018,739,"Towns County",FALSE,987
2019,739,"Towns County",FALSE,938
2020,739,"Towns County",FALSE,921
2021,739,"Towns County",FALSE,937
2022,739,"Towns County",FALSE,967
2023,739,"Towns County",FALSE,947
2024,739,"Towns County",FALSE,949
2015,740,"Treutlen County",FALSE,1134
2016,740,"Treutlen County",FALSE,1134
2017,740,"Treutlen County",FALSE,1099
2018,740,"Treutlen County",FALSE,1063
2019,740,"Treutlen County",FALSE,1053
2020,740,"Treutlen County",FALSE,1045
2021,740,"Treutlen County",FALSE,1049
2022,740,"Treutlen County",FALSE,999
2023,740,"Treutlen County",FALSE,959
2024,740,"Treutlen County",FALSE,925
2015,791,"Trion City",FALSE,1346
2016,791,"Trion City",FALSE,1350
2017,791,"Trion City",FALSE,1323
2018,791,"Trion City",FALSE,1322
2019,791,"Trion City",FALSE,1311
2020,791,"Trion City",FALSE,1287
2021,791,"Trion City",FALSE,1233
2022,791,"Trion City",FALSE,1260
2023,791,"Trion City",FALSE,1241
2024,791,"Trion City",FALSE,1229
2015,741,"Troup County",FALSE,12142
2016,741,"Troup County",FALSE,11929
2017,741,"Troup County",FALSE,11862
2018,741,"Troup County",FALSE,11730
2019,741,"Troup County",FALSE,11578
2020,741,"Troup County",FALSE,11571
2021,741,"Troup County",FALSE,11655
2022,741,"Troup County",FALSE,11604
2023,741,"Troup County",FALSE,11742
2024,741,"Troup County",FALSE,11722
2015,742,"Turner County",FALSE,1339
2016,742,"Turner County",FALSE,1315
2017,742,"Turner County",FALSE,1266
2018,742,"Turner County",FALSE,1147
2019,742,"Turner County",FALSE,1145
2020,742,"Turner County",FALSE,1124
2021,742,"Turner County",FALSE,1097
2022,742,"Turner County",FALSE,1085
2023,742,"Turner County",FALSE,1116
2024,742,"Turner County",FALSE,1068
2015,743,"Twiggs County",FALSE,878
2016,743,"Twiggs County",FALSE,797
2017,743,"Twiggs County",FALSE,808
2018,743,"Twiggs County",FALSE,767
2019,743,"Twiggs County",FALSE,746
2020,743,"Twiggs County",FALSE,741
2021,743,"Twiggs County",FALSE,698
2022,743,"Twiggs County",FALSE,675
2023,743,"Twiggs County",FALSE,683
2024,743,"Twiggs County",FALSE,701
2015,744,"Union County",FALSE,2686
2016,744,"Union County",FALSE,2676
2017,744,"Union County",FALSE,2720
2018,744,"Union County",FALSE,2766
2019,744,"Union County",FALSE,2761
2020,744,"Union County",FALSE,2746
2021,744,"Union County",FALSE,2783
2022,744,"Union County",FALSE,2872
2023,744,"Union County",FALSE,2882
2024,744,"Union County",FALSE,2911
2015,792,"Valdosta City",FALSE,7861
2016,792,"Valdosta City",FALSE,7609
2017,792,"Valdosta City",FALSE,7884
2018,792,"Valdosta City",FALSE,8104
2019,792,"Valdosta City",FALSE,8171
2020,792,"Valdosta City",FALSE,8124
2021,792,"Valdosta City",FALSE,8022
2022,792,"Valdosta City",FALSE,8010
2023,792,"Valdosta City",FALSE,8001
2024,792,"Valdosta City",FALSE,8135
2015,793,"Vidalia City",FALSE,2410
2016,793,"Vidalia City",FALSE,4360
2017,793,"Vidalia City",FALSE,2379
2018,793,"Vidalia City",FALSE,2390
2019,793,"Vidalia City",FALSE,2407
2020,793,"Vidalia City",FALSE,2410
2021,793,"Vidalia City",FALSE,2319
2022,793,"Vidalia City",FALSE,2319
2023,793,"Vidalia City",FALSE,2234
2024,793,"Vidalia City",FALSE,2221
2015,746,"Walker County",FALSE,8801
2016,746,"Walker County",FALSE,8716
2017,746,"Walker County",FALSE,8650
2018,746,"Walker County",FALSE,8498
2019,746,"Walker County",FALSE,8364
2020,746,"Walker County",FALSE,8365
2021,746,"Walker County",FALSE,8157
2022,746,"Walker County",FALSE,8085
2023,746,"Walker County",FALSE,8073
2024,746,"Walker County",FALSE,8090
2015,747,"Walton County",FALSE,13383
2016,747,"Walton County",FALSE,13468
2017,747,"Walton County",FALSE,13584
2018,747,"Walton County",FALSE,13579
2019,747,"Walton County",FALSE,13567
2020,747,"Walton County",FALSE,13693
2021,747,"Walton County",FALSE,13360
2022,747,"Walton County",FALSE,13803
2023,747,"Walton County",FALSE,14045
2024,747,"Walton County",FALSE,14189
2015,748,"Ware County",FALSE,5764
2016,748,"Ware County",FALSE,5817
2017,748,"Ware County",FALSE,5835
2018,748,"Ware County",FALSE,5788
2019,748,"Ware County",FALSE,5809
2020,748,"Ware County",FALSE,5820
2021,748,"Ware County",FALSE,5774
2022,748,"Ware County",FALSE,5715
2023,748,"Ware County",FALSE,5654
2024,748,"Ware County",FALSE,5647
2015,749,"Warren County",FALSE,635
2016,749,"Warren County",FALSE,609
2017,749,"Warren County",FALSE,581
2018,749,"Warren County",FALSE,584
2019,749,"Warren County",FALSE,595
2020,749,"Warren County",FALSE,603
2021,749,"Warren County",FALSE,619
2022,749,"Warren County",FALSE,600
2023,749,"Warren County",FALSE,637
2024,749,"Warren County",FALSE,624
2015,750,"Washington County",FALSE,3043
2016,750,"Washington County",FALSE,3017
2017,750,"Washington County",FALSE,3030
2018,750,"Washington County",FALSE,3025
2019,750,"Washington County",FALSE,3028
2020,750,"Washington County",FALSE,2998
2021,750,"Washington County",FALSE,2913
2022,750,"Washington County",FALSE,2847
2023,750,"Washington County",FALSE,2758
2024,750,"Washington County",FALSE,2691
2015,751,"Wayne County",FALSE,5172
2016,751,"Wayne County",FALSE,5268
2017,751,"Wayne County",FALSE,5264
2018,751,"Wayne County",FALSE,5115
2019,751,"Wayne County",FALSE,5107
2020,751,"Wayne County",FALSE,5093
2021,751,"Wayne County",FALSE,4742
2022,751,"Wayne County",FALSE,4843
2023,751,"Wayne County",FALSE,4902
2024,751,"Wayne County",FALSE,4953
2015,752,"Webster County",FALSE,401
2016,752,"Webster County",FALSE,375
2017,752,"Webster County",FALSE,354
2018,752,"Webster County",FALSE,328
2019,752,"Webster County",FALSE,296
2020,752,"Webster County",FALSE,274
2021,752,"Webster County",FALSE,266
2022,752,"Webster County",FALSE,234
2023,752,"Webster County",FALSE,250
2024,752,"Webster County",FALSE,239
2015,753,"Wheeler County",FALSE,962
2016,753,"Wheeler County",FALSE,941
2017,753,"Wheeler County",FALSE,944
2018,753,"Wheeler County",FALSE,954
2019,753,"Wheeler County",FALSE,941
2020,753,"Wheeler County",FALSE,942
2021,753,"Wheeler County",FALSE,887
2022,753,"Wheeler County",FALSE,824
2023,753,"Wheeler County",FALSE,815
2024,753,"Wheeler County",FALSE,813
2015,754,"White County",FALSE,3845
2016,754,"White County",FALSE,3822
2017,754,"White County",FALSE,3786
2018,754,"White County",FALSE,3775
2019,754,"White County",FALSE,3802
2020,754,"White County",FALSE,3820
2021,754,"White County",FALSE,3724
2022,754,"White County",FALSE,3720
2023,754,"White County",FALSE,3740
2024,754,"White County",FALSE,3694
2015,755,"Whitfield County",FALSE,13105
2016,755,"Whitfield County",FALSE,12988
2017,755,"Whitfield County",FALSE,12868
2018,755,"Whitfield County",FALSE,12723
2019,755,"Whitfield County",FALSE,12613
2020,755,"Whitfield County",FALSE,12489
2021,755,"Whitfield County",FALSE,12243
2022,755,"Whitfield County",FALSE,12071
2023,755,"Whitfield County",FALSE,11928
2024,755,"Whitfield County",FALSE,11775
2015,756,"Wilcox County",FALSE,1180
2016,756,"Wilcox County",FALSE,1151
2017,756,"Wilcox County",FALSE,1149
2018,756,"Wilcox County",FALSE,1116
2019,756,"Wilcox County",FALSE,1129
2020,756,"Wilcox County",FALSE,1152
2021,756,"Wilcox County",FALSE,1136
2022,756,"Wilcox County",FALSE,1133
2023,756,"Wilcox County",FALSE,1124
2024,756,"Wilcox County",FALSE,1106
2015,757,"Wilkes County",FALSE,1532
2016,757,"Wilkes County",FALSE,1515
2017,757,"Wilkes County",FALSE,1481
2018,757,"Wilkes County",FALSE,1470
2019,757,"Wilkes County",FALSE,1398
2020,757,"Wilkes County",FALSE,1338
2021,757,"Wilkes County",FALSE,1304
2022,757,"Wilkes County",FALSE,1249
2023,757,"Wilkes County",FALSE,1195
2024,757,"Wilkes County",FALSE,1168
2015,758,"Wilkinson County",FALSE,1437
2016,758,"Wilkinson County",FALSE,1432
2017,758,"Wilkinson County",FALSE,1386
2018,758,"Wilkinson County",FALSE,1310
2019,758,"Wilkinson County",FALSE,1248
2020,758,"Wilkinson County",FALSE,1164
2021,758,"Wilkinson County",FALSE,1103
2022,758,"Wilkinson County",FALSE,1064
2023,758,"Wilkinson County",FALSE,1054
2024,758,"Wilkinson County",FALSE,1018
2015,759,"Worth County",FALSE,3227
2016,759,"Worth County",FALSE,3211
2017,759,"Worth County",FALSE,3184
2018,759,"Worth County",FALSE,3088
2019,759,"Worth County",FALSE,3070
2020,759,"Worth County",FALSE,3022
2021,759,"Worth County",FALSE,2984
2022,759,"Worth County",FALSE,2926
2023,759,"Worth County",FALSE,2964
2024,759,"Worth County",FALSE,2911
